table,fieldName,description,dataType,units,downloadPkg,pubFormat,primaryKey,categoricalCodeName
amc_cellCountLabSummary,uid,"Unique ID within NEON database; an identifier for the record",string,NA,expanded,"asIs",N,
amc_cellCountLabSummary,labSpecificStartDate,"Date a specific analyte, instrument, and associated method detection limit combination started",dateTime,NA,expanded,"yyyy-MM-dd'T'HH:mm'Z'(floor)",Y,
amc_cellCountLabSummary,labSpecificEndDate,"Date a specific analyte, instrument, and associated method detection limit combination ended",dateTime,NA,expanded,"yyyy-MM-dd'T'HH:mm'Z'(floor)",N,
amc_cellCountLabSummary,laboratoryName,"Name of the laboratory or facility that is processing the sample",string,NA,expanded,"asIs",Y,
amc_cellCountLabSummary,testProtocolVersion,"The protocol version used to test the sample",string,NA,expanded,"LOV",N,"amc.testProtocolVersion"
amc_cellCountLabSummary,cellCountMethod,"Enumeration method used for microbial cell count",string,NA,expanded,"LOV",Y,"amc.cellCountMethod"
amc_cellCountLabSummary,referenceImageID,"Identifier for the reference image",string,NA,expanded,"asIs",Y,
amc_cellCountLabSummary,referenceImageCount,"Automated count of the reference image",unsigned integer,number,expanded,"integer",N,
amc_cellCountLabSummary,countStandardDeviation,"Long-term average standard deviation values of microbial cell count of the reference image based on repeat visual analysis",real,number,expanded,"*.#(round)",N,
amc_cellCountLabSummary,longTermEnumerationDifference,"Percent difference in enumeration between the reference image count and the quality checked reference image count",real,percent,expanded,"*.#(round)",N,
amc_cellCountLabSummary,enumerationDifferenceMin,"Minimum percent difference in enumeration calculated over the previous analysis year",real,percent,expanded,"*.#(round)",N,
amc_cellCountLabSummary,enumerationDifferenceMax,"Maximum percent difference in enumeration calculated over the previous analysis year",real,percent,expanded,"*.#(round)",N,
amc_cellCountLabSummary,enumerationDifferenceMean,"Mean percent difference in enumeration calculated over the previous analysis year",real,percent,expanded,"*.#(round)",N,
amc_cellCountLabSummary,recordedBy,"An identifier for the technician who recorded the data",string,NA,expanded,"obfuscate",N,
amc_cellCountLabSummary,enteredBy,"An identifier for the technician who entered the data",string,NA,expanded,"obfuscate",N,
amc_cellCounts,uid,"Unique ID within NEON database; an identifier for the record",string,NA,basic,"asIs",N,
amc_cellCounts,laboratoryName,"Name of the laboratory or facility that is processing the sample",string,NA,basic,"asIs",N,
amc_cellCounts,domainID,"Unique identifier of the NEON domain",string,NA,basic,"asIs",N,
amc_cellCounts,siteID,"NEON site code",string,NA,basic,"asIs",N,
amc_cellCounts,namedLocation,"Name of the measurement location in the NEON database",string,NA,basic,"asIs",N,
amc_cellCounts,collectDate,"Date of the collection event",dateTime,NA,basic,"yyyy-MM-dd'T'HH:mm'Z'(floor)",N,
amc_cellCounts,testedDate,"Date test was conducted",dateTime,NA,basic,"yyyy-MM-dd'T'HH:mm'Z'(floor)",N,
amc_cellCounts,sampleCondition,"Condition of a sample",string,NA,basic,"LOV",N,"amc.sampleCondition"
amc_cellCounts,cellCountSampleID,"Identifier for the cell count sample",string,NA,basic,"asIs",Y,
amc_cellCounts,cellCountSampleCode,"Barcode of a cell count sample",string,NA,basic,"asIs",Y,
amc_cellCounts,testProtocolVersion,"The protocol version used to test the sample",string,NA,basic,"LOV",N,"amc.testProtocolVersion"
amc_cellCounts,cellCountMethod,"Enumeration method used for microbial cell count",string,NA,basic,"LOV",N,"amc.cellCountMethod"
amc_cellCounts,filterSize,"Filter diameter",real,millimeter,basic,"*.##(round)",N,
amc_cellCounts,dilutionFactor,"The factor by which the sample was diluted prior to analysis",real,NA,basic,"*.#(round)",N,
amc_cellCounts,numberOfFieldsAnalyzed,"Number of fields analyzed for microbial cell count",unsigned integer,number,basic,"integer",N,
amc_cellCounts,analysisVolume,"Volume in milliliters of sample analyzed",real,milliliter,basic,"*.###(round)",N,
amc_cellCounts,analysisMagnification,"Magnification used during analysis",unsigned integer,number,basic,"integer",N,
amc_cellCounts,totalCellCount,"Total number of cells counted in the analysis",unsigned integer,number,basic,"integer",N,
amc_cellCounts,rawMicrobialAbundance,"Raw microbial abundance, not corrected for preservative volume",unsigned integer,numberPerMilliliter,basic,"integer",N,
amc_cellCounts,enumerationDifference,"Percent difference in enumeration between the original sample and the quality checked sample",real,percent,basic,"*.#(round)",N,
amc_cellCounts,qaqcStatus,"Status of internal QAQC",string,NA,basic,"LOV",N,"amc.qaqcStatus"
amc_cellCounts,remarks,"Technician notes; free text comments accompanying the record",string,NA,basic,"asIs",N,
amc_cellCounts,analyzedBy,"Name of lab personnel analyzing sample",string,NA,basic,"obfuscate",N,
amc_cellCounts,qcAnalyzedBy,"Name of lab personnel analyzing sample for quality control",string,NA,basic,"obfuscate",N,
amc_cellCounts,reviewedBy,"Name of lab personnel who reviewed the data prior to submission",string,NA,basic,"obfuscate",N,
amc_fieldCellCounts,uid,"Unique ID within NEON database; an identifier for the record",string,NA,basic,"asIs",N,
amc_fieldCellCounts,domainID,"Unique identifier of the NEON domain",string,NA,basic,"asIs",N,
amc_fieldCellCounts,siteID,"NEON site code",string,NA,basic,"asIs",N,
amc_fieldCellCounts,namedLocation,"Name of the measurement location in the NEON database",string,NA,basic,"asIs",N,
amc_fieldCellCounts,collectDate,"Date of the collection event",dateTime,NA,basic,"yyyy-MM-dd'T'HH:mm'Z'(floor)",N,
amc_fieldCellCounts,parentSampleID,"Parent sampleID of sample being processed",string,NA,basic,"asIs",Y,
amc_fieldCellCounts,parentSampleCode,"Barcode of a parent sample",string,NA,basic,"asIs",Y,
amc_fieldCellCounts,cellCountSampleCond,"Condition of the cell count sample",string,NA,basic,"LOV",N,"sampleCondition"
amc_fieldCellCounts,cellCountSampleID,"Identifier for the cell count sample",string,NA,basic,"asIs",N,
amc_fieldCellCounts,cellCountSampleCode,"Barcode of a cell count sample",string,NA,basic,"asIs",N,
amc_fieldCellCounts,cellCountSampleVolume,"Volume of water collected for cell count analysis",real,milliliter,basic,"*.#(round)",N,
amc_fieldCellCounts,cellCountPreservantVolume,"Volume of preservative added to cell count sample",real,milliliter,basic,"*.#(round)",N,
amc_fieldCellCounts,archiveSampleCond,"Condition of the archive sample",string,NA,basic,"LOV",N,"sampleCondition"
amc_fieldCellCounts,archiveID,"Identifier for the archive sample",string,NA,basic,"asIs",N,
amc_fieldCellCounts,archiveSampleCode,"Barcode of archive sample",string,NA,basic,"asIs",N,
amc_fieldCellCounts,geneticSampleCond,"Condition of the genetic sample",string,NA,basic,"LOV",N,"sampleCondition"
amc_fieldCellCounts,geneticSampleID,"Identifier for the genetic sample",string,NA,basic,"asIs",N,
amc_fieldCellCounts,geneticSampleCode,"Barcode of a genetic sample",string,NA,basic,"asIs",N,
amc_fieldCellCounts,metagenomicsCollected,"Indicator of whether a metagenomic samples was collected",string,NA,basic,"LOV",N,"Yes or No choice"
amc_fieldCellCounts,metagenomicSampleCond,"Condition of the metagenomic sample",string,NA,basic,"LOV",N,"sampleCondition"
amc_fieldCellCounts,metagenomicSampleID,"Identifier for the metagenomic sample",string,NA,basic,"asIs",N,
amc_fieldCellCounts,metagenomicSampleCode,"Barcode of a metagenomic sample",string,NA,basic,"asIs",N,
amc_fieldCellCounts,remarks,"Technician notes; free text comments accompanying the record",string,NA,basic,"asIs",N,
amc_fieldSuperParent,uid,"Unique ID within NEON database; an identifier for the record",string,NA,basic,"asIs",N,
amc_fieldSuperParent,domainID,"Unique identifier of the NEON domain",string,NA,basic,"asIs",N,
amc_fieldSuperParent,siteID,"NEON site code",string,NA,basic,"asIs",N,
amc_fieldSuperParent,namedLocation,"Name of the measurement location in the NEON database",string,NA,basic,"asIs",N,
amc_fieldSuperParent,decimalLatitude,"The geographic latitude (in decimal degrees, WGS84) of the geographic center of the reference area",real,decimalDegree,basic,"*.######(round)",N,
amc_fieldSuperParent,decimalLongitude,"The geographic longitude (in decimal degrees, WGS84) of the geographic center of the reference area",real,decimalDegree,basic,"*.######(round)",N,
amc_fieldSuperParent,coordinateUncertainty,"The horizontal distance (in meters) from the given decimalLatitude and decimalLongitude describing the smallest circle containing the whole of the Location. Zero is not a valid value for this term",real,meter,basic,"*.#(round)",N,
amc_fieldSuperParent,additionalCoordUncertainty,"Additional uncertainty to be added to the coordinate uncertainty at all sites",real,meter,basic,"*.#(round)",N,
amc_fieldSuperParent,elevation,"Elevation (in meters) above sea level",real,meter,basic,"*.#(round)",N,
amc_fieldSuperParent,elevationUncertainty,"Uncertainty in elevation values (in meters)",real,meter,basic,"*.#(round)",N,
amc_fieldSuperParent,geodeticDatum,"Model used to measure horizontal position on the earth",string,NA,basic,"asIs",N,
amc_fieldSuperParent,altLocation,"Alternate Sampling Location description",string,NA,basic,"asIs",N,
amc_fieldSuperParent,altLatitude,"Alternate Sampling Location coordinate - latitude",real,decimalDegree,basic,"*.######(round)",N,
amc_fieldSuperParent,altLongitude,"Alternate Sampling Location coordinate - longitude",real,decimalDegree,basic,"*.######(round)",N,
amc_fieldSuperParent,altCoordinateUncertainty,"The horizontal distance (in meters) from the given altLatitude and altLongitude describing the smallest circle containing the whole of the Location. Zero is not a valid value for this term",real,meter,basic,"*.#(round)",N,
amc_fieldSuperParent,altGeodeticDatum,"Model used to measure horizontal position on the earth for alternate location coordinate",string,NA,basic,"LOV",N,"altGeodeticDatum"
amc_fieldSuperParent,collectDate,"Date of the collection event",dateTime,NA,basic,"yyyy-MM-dd'T'HH:mm'Z'(floor)",N,
amc_fieldSuperParent,aquaticSiteType,"Type of aquatic site, includes lake, river or stream",string,NA,basic,"LOV",N,"aquaticSiteType"
amc_fieldSuperParent,samplingImpractical,"Samples and/or measurements were not collected due to the indicated circumstance",string,NA,basic,"LOV",N,"samplingImpractical"
amc_fieldSuperParent,microbeSamplesCollected,"Indicator of whether any surface water microbe cell count samples were collected. These are expected for some surface water samples, but not groundwater samples",string,NA,basic,"LOV",N,"swc.sampleCollected"
amc_fieldSuperParent,parentSampleID,"Parent sampleID of sample being processed",string,NA,basic,"asIs",Y,
amc_fieldSuperParent,parentSampleCode,"Barcode of a parent sample",string,NA,basic,"asIs",Y,
amc_fieldSuperParent,eventID,"An identifier for the set of information associated with the event, which includes information about the place and time of the event",string,NA,basic,"asIs",N,
amc_fieldSuperParent,samplerType,"Type of sampler used to collect the sample",string,NA,basic,"LOV",N,"swc.waterSamplerType"
amc_fieldSuperParent,dissolvedOxygen,"Dissolved Oxygen Concentration",real,milligramsPerLiter,basic,"*.##(round)",N,
amc_fieldSuperParent,dissolvedOxygenSaturation,"Dissolved Oxygen Percent Saturation",real,percent,basic,"*.##(round)",N,
amc_fieldSuperParent,specificConductance,"Conductivity auto-corrected to 25 degrees C",real,microsiemensPerCentimeter,basic,"*.##(round)",N,
amc_fieldSuperParent,waterTemp,"Temperature of water (C)",real,celsius,basic,"*.##(round)",N,
amc_fieldSuperParent,amcSamplingProtocolVersion,"The NEON document number and version of the aquatic microbes protocol where detailed information regarding the sampling method used is available; format NEON.DOC.######vX",string,NA,basic,"LOV",N,"swc.amcSamplingProtocolVersion"
amc_fieldSuperParent,lowerSegmentDepth,"Depth at bottom of stratified lake segment",real,meter,basic,"*.#(round)",N,
amc_fieldSuperParent,upperSegmentDepth,"Depth at top of stratified lake segment",real,meter,basic,"*.#(round)",N,
amc_fieldSuperParent,maxDepth,"Maximum depth",real,meter,basic,"*.#(round)",N,
amc_fieldSuperParent,lakeSampleDepth1,"Sample depth of a single lake sample collected below the surface; the sample depth of the upper sample for a composite lake sample collected below the surface",real,meter,basic,"*.#(round)",N,
amc_fieldSuperParent,lakeSampleDepth2,"Sample depth of the lower sample for a composite lake sample collected below the surface",real,meter,basic,"*.#(round)",N,
amc_fieldSuperParent,aCollectedBy,"Primary NEON technician username who collected the data",string,NA,basic,"asIs",N,
amc_fieldSuperParent,bCollectedBy,"Secondary NEON technician username who collected the data",string,NA,basic,"asIs",N,
amc_fieldSuperParent,remarks,"Technician notes; free text comments accompanying the record",string,NA,basic,"asIs",N,
