name,pubCode,description,startDate,endDate
"altGeodeticDatum","WGS84","World Geodetic System 84",2012-01-01T00:00:00Z,
"amc.cellCountMethod","manual image analysis","Manual count using image analysis",2012-01-01T00:00:00Z,
"amc.cellCountMethod","automated image analysis","Automated count using image analysis",2012-01-01T00:00:00Z,
"amc.cellCountMethod","visual count","Visual count using microscopy",2012-01-01T00:00:00Z,
"amc.cellCountMethod","flow cytometry","flow cytometry",2012-01-01T00:00:00Z,
"amc.qaqcStatus","Pass","Pass",2012-01-01T00:00:00Z,
"amc.qaqcStatus","Fail","Fail",2012-01-01T00:00:00Z,
"amc.qaqcStatus","Pass; troubleshooting required","Pass; troubleshooting required",2012-01-01T00:00:00Z,
"amc.qaqcStatus","Other","Other",2012-01-01T00:00:00Z,
"amc.qaqcStatus","LX","Less than the limit of detection, no measurable counts observed on filter ",2012-01-01T00:00:00Z,
"amc.qaqcStatus","LR","Within detection limit, <100 counts per filter used for calculation ",2012-01-01T00:00:00Z,
"amc.sampleCondition","OK","OK",2012-01-01T00:00:00Z,
"amc.sampleCondition","Sample Damaged or Lost","Sample Damaged or Lost",2012-01-01T00:00:00Z,
"amc.sampleCondition","Sample incomplete","Sample incomplete",2012-01-01T00:00:00Z,
"amc.sampleCondition","Cold chain broken","Cold chain broken",2012-01-01T00:00:00Z,
"amc.sampleCondition","Cold chain broken","Cold chain broken",2012-01-01T00:00:00Z,
"amc.sampleCondition","Sample Damaged or Lost","Sample Damaged or Lost",2012-01-01T00:00:00Z,
"amc.sampleCondition","Handling error","Handling error",2012-01-01T00:00:00Z,
"amc.sampleCondition","Cold chain broken","Cold chain broken",2012-01-01T00:00:00Z,
"amc.sampleCondition","Other (describe in remarks)","Other (describe in remarks)",2012-01-01T00:00:00Z,2018-03-30T00:00:00Z
"amc.sampleCondition","No known compromise","No known compromise",2012-01-01T00:00:00Z,2018-03-30T00:00:00Z
"amc.sampleCondition","Damaged, analysis affected","Damaged, analysis affected",2012-01-01T00:00:00Z,2018-03-30T00:00:00Z
"amc.sampleCondition","Sample incomplete","Sample incomplete",2012-01-01T00:00:00Z,2018-03-30T00:00:00Z
"amc.sampleCondition","Handling error","Handling error",2012-01-01T00:00:00Z,2018-03-30T00:00:00Z
"amc.sampleCondition","Other (describe in remarks)","Other (describe in remarks)",2012-01-01T00:00:00Z,
"amc.sampleCondition","Cold chain broken","Cold chain broken",2012-01-01T00:00:00Z,2018-03-30T00:00:00Z
"amc.testProtocolVersion","anl_cellcts_protocol_v1","anl_cellcts_protocol_v1",2012-01-01T00:00:00Z,
"amc.testProtocolVersion","epifluorProtocolV1","epifluorProtocolV1",2012-01-01T00:00:00Z,
"amc.testProtocolVersion","epifluorProtocolV2","epifluorProtocolV2",2012-01-01T00:00:00Z,
"amc.testProtocolVersion","BATTELLE_epifluorProtocol_V3","BATTELLE_epifluorProtocol_V3",2012-01-01T00:00:00Z,
"amc.testProtocolVersion","BATTELLE_epifluorProtocol_V4","BATTELLE_epifluorProtocol_V4",2012-01-01T00:00:00Z,
"amc.testProtocolVersion","BATTELLE_epifluorProtocol_V5","BATTELLE_epifluorProtocol_V5",2021-04-01T00:00:00Z,
"amc.testProtocolVersion","BATTELLE_epifluorProtocol_V6","BATTELLE_epifluorProtocol_V6",2021-07-01T00:00:00Z,
"aquaticSiteType","lake","lake",2012-01-01T00:00:00Z,
"aquaticSiteType","stream","stream",2012-01-01T00:00:00Z,
"aquaticSiteType","river","river",2012-01-01T00:00:00Z,
"sampleCondition","Sample condition ok","OK",2012-01-01T00:00:00Z,
"sampleCondition","Cold chain broken","cold chain broken",2012-01-01T00:00:00Z,
"sampleCondition","Other (specified in remarks)","other",2012-01-01T00:00:00Z,
"sampleCondition","Backwards Filter Membrane","Membrane attached backwards during sample filtering",2012-01-01T00:00:00Z,
"samplingImpractical","location dry","location dry",2012-01-01T00:00:00Z,
"samplingImpractical","location frozen","location frozen",2012-01-01T00:00:00Z,
"samplingImpractical","location snow covered","location snow covered",2012-01-01T00:00:00Z,
"samplingImpractical","other","Sampling location inaccessible due to other ecological reason described in the remarks",2012-01-01T00:00:00Z,
"samplingImpractical","shallow groundwater","shallow groundwater; depth of groundwater column less than 0.5 m",2012-01-01T00:00:00Z,
"samplingImpractical","low yield groundwater","low yield groundwater well",2012-01-01T00:00:00Z,
"samplingImpractical","high water velocity","high water velocity",2012-01-01T00:00:00Z,
"samplingImpractical","staff gauge disturbed","staff gauge disturbed",2012-01-01T00:00:00Z,
"samplingImpractical","staff gauge not installed","staff gauge not installed",2012-01-01T00:00:00Z,
"samplingImpractical","OK","OK",2012-01-01T00:00:00Z,
"samplingImpractical","coordinates not suitable","Maximum number of attempts made to sample within a subplot were unsuccessful",2012-01-01T00:00:00Z,
"samplingImpractical","location flooded","location flooded",2012-01-01T00:00:00Z,
"samplingImpractical","logistical","logistical",2012-01-01T00:00:00Z,
"samplingImpractical","management","management",2012-01-01T00:00:00Z,
"samplingImpractical","extreme weather","extreme weather",2012-01-01T00:00:00Z,
"samplingImpractical","location burned","location burned",2012-01-01T00:00:00Z,
"samplingImpractical","temperature low","temperature low",2012-01-01T00:00:00Z,
"samplingImpractical","temperature high","temperature high",2012-01-01T00:00:00Z,
"samplingImpractical","disturbance","samples not collected due to disturbance",2012-01-01T00:00:00Z,
"samplingImpractical","too windy","too windy",2012-01-01T00:00:00Z,
"samplingImpractical","horizon not present","horizon not present in the incubated soil sample",2012-01-01T00:00:00Z,
"samplingImpractical","location wet","location too wet due to rain or dew",2012-01-01T00:00:00Z,
"samplingImpractical","not all samples collected on this date","not all samples collected on this date",2012-01-01T00:00:00Z,
"samplingImpractical","exclosure cell not clipped, livestock absent","exclosure clip cell not harvested, cattle absent during previous grazing interval",2012-01-01T00:00:00Z,
"samplingImpractical","ambient cell not clipped, livestock absent","ambient clip cell not harvested, cattle absent during previous grazing interval",2012-01-01T00:00:00Z,
"samplingImpractical","wildfire","sampling location inaccessible due to active wildfire or post fire safety hazards",2012-01-01T00:00:00Z,
"samplingImpractical","wildlife hazard","wildlife hazard, specific hazard described in remarks",2012-01-01T00:00:00Z,
"samplingImpractical","safety hazard","unsafe conditions at sampling location or on route to sampling location",2012-01-01T00:00:00Z,
"samplingImpractical","outside target flow range","selected when stream flow already has good coverage and specific flows are being targeted",2022-03-01T00:00:00Z,
"samplingImpractical","onshore protocols only","sampling not required when only onshore protocols are scheduled",2012-01-01T00:00:00Z,
"samplingImpractical","night fishing","sampling not required when night fishing",2012-01-01T00:00:00Z,
"swc.amcSamplingProtocolVersion","NEON.DOC.003044vA","NEON.DOC.003044vA",2012-01-01T00:00:00Z,
"swc.amcSamplingProtocolVersion","NEON.DOC.001201vE","NEON.DOC.001201vE",2012-01-01T00:00:00Z,
"swc.amcSamplingProtocolVersion","NEON.DOC.001201vD","NEON.DOC.001201vD",2012-01-01T00:00:00Z,
"swc.amcSamplingProtocolVersion","NEON.DOC.001201vC","NEON.DOC.001201vC",2012-01-01T00:00:00Z,
"swc.amcSamplingProtocolVersion","NEON.DOC.001201vB","NEON.DOC.001201vB",2012-01-01T00:00:00Z,
"swc.amcSamplingProtocolVersion","NEON.DOC.001201vA","NEON.DOC.001201vA",2012-01-01T00:00:00Z,
"swc.amcSamplingProtocolVersion","NEON.DOC.001200vE","NEON.DOC.001200vE",2012-01-01T00:00:00Z,
"swc.amcSamplingProtocolVersion","NEON.DOC.001200vD","NEON.DOC.001200vD",2012-01-01T00:00:00Z,
"swc.amcSamplingProtocolVersion","NEON.DOC.001200vC","NEON.DOC.001200vC",2012-01-01T00:00:00Z,
"swc.amcSamplingProtocolVersion","NEON.DOC.001200vB","NEON.DOC.001200vB",2012-01-01T00:00:00Z,
"swc.amcSamplingProtocolVersion","NEON.DOC.001200vA","NEON.DOC.001200vA",2012-01-01T00:00:00Z,
"swc.amcSamplingProtocolVersion","NEON.DOC.003044vB","NEON.DOC.003044vB",2012-01-01T00:00:00Z,
"swc.amcSamplingProtocolVersion","NEON.DOC.003044vC","NEON.DOC.003044vC",2012-01-01T00:00:00Z,
"swc.amcSamplingProtocolVersion","NEON.DOC.003044vD","NEON.DOC.003044vD",2018-11-01T00:00:00Z,
"swc.amcSamplingProtocolVersion","NEON.DOC.003044vE","NEON.DOC.003044vE",2021-11-01T00:00:00Z,
"swc.sampleCollected","Y","Yes",2012-01-01T00:00:00Z,
"swc.sampleCollected","N","No",2012-01-01T00:00:00Z,
"swc.sampleCollected","NOT_SCHEDULED","Not scheduled",2012-01-01T00:00:00Z,
"swc.waterSamplerType","Kemmerer","Kemmerer",2012-01-01T00:00:00Z,
"swc.waterSamplerType","Van Dorn","Van Dorn",2012-01-01T00:00:00Z,
"swc.waterSamplerType","Grab","Grab",2012-01-01T00:00:00Z,
"swc.waterSamplerType","Groundwater Pump","Groundwater Pump",2012-01-01T00:00:00Z,
"swc.waterSamplerType","Groundwater Bailer Tube","Groundwater Bailer Tube",2012-01-01T00:00:00Z,
"swc.waterSamplerType","Syringe","Syringe",2018-01-01T00:00:00Z,
"swc.waterSamplerType","Syringe and Bailer Tube","Syringe and Bailer Tube",2018-01-01T00:00:00Z,
"swc.waterSamplerType","Groundwater Peristaltic Pump","Groundwater Peristaltic Pump",2018-01-01T00:00:00Z,
"Yes or No choice","Y","Yes",2012-01-01T00:00:00Z,
"Yes or No choice","N","No",2012-01-01T00:00:00Z,
