{
  "uuid": "2ba43041-ba6a-44b4-a98e-5269c55c0eca",
  "timestamp": "2023-01-30T20:07:47Z",
  "zipFileName": "NEON_count-small-mammals",
  "mimeType": "application/zip",
  "productCode": "DP1.10072.001",
  "productName": "Small mammal box trapping",
  "siteCodes": [
    "JERC"
  ],
  "startDate": "2019-09-01T00:00:00Z",
  "endDate": "2019-10-31T23:59:59Z",
  "packageType": "basic",
  "documents": [
    {
      "fileName": "NEON.DOC.000481vN.pdf",
      "downloadFileName": null,
      "type": "application/pdf",
      "fileSizeBytes": 3447248,
      "description": "TOS Protocol and Procedure: MAM – Small Mammal Sampling",
      "uri": "https://data.neonscience.org/api/v0/documents/NEON.DOC.000481vN"
    },
    {
      "fileName": "NEON.DOC.000911vC.pdf",
      "downloadFileName": null,
      "type": "application/pdf",
      "fileSizeBytes": 1946795,
      "description": "TOS Science Design for Vectors and Pathogens",
      "uri": "https://data.neonscience.org/api/v0/documents/NEON.DOC.000911vC"
    },
    {
      "fileName": "NEON.DOC.000915vC.pdf",
      "downloadFileName": null,
      "type": "application/pdf",
      "fileSizeBytes": 1625631,
      "description": "TOS Science Design for Small Mammal Abundance and Diversity",
      "uri": "https://data.neonscience.org/api/v0/documents/NEON.DOC.000915vC"
    },
    {
      "fileName": "NEON_smammal_userGuide_vD.pdf",
      "downloadFileName": null,
      "type": "application/pdf",
      "fileSizeBytes": 469171,
      "description": "NEON User Guide to Small Mammal Box Trapping (NEON.DP1.10072)",
      "uri": "https://data.neonscience.org/api/v0/documents/NEON_smammal_userGuide_vD"
    },
    {
      "fileName": "NEON.QSG.DP1.10072.001v1.pdf",
      "downloadFileName": null,
      "type": "application/pdf",
      "fileSizeBytes": 261642,
      "description": "Quick Start Guide for Small mammal box trapping (DP1.10072.001)",
      "uri": "https://data.neonscience.org/api/v0/documents/quick-start-guides/NEON.QSG.DP1.10072.001v1.pdf"
    }
  ],
  "releases": [
    {
      "release": "RELEASE-2023",
      "generationDate": "2023-01-27T12:07:53Z",
      "packages": [
        {
          "release": "RELEASE-2023",
          "productCode": "DP1.10072.001",
          "domainCode": "D03",
          "siteCode": "JERC",
          "month": "2019-09",
          "packageType": "basic",
          "generationDate": "2023-01-27T12:07:53Z",
          "files": [
            {
              "fileName": "NEON.D03.JERC.DP1.10072.001.mam_pertrapnight.2019-09.basic.20221128T181705Z.csv",
              "downloadFileName": null,
              "uri": "https://data.neonscience.org/api/v0/releases/RELEASE-2023/data/DP1.10072.001/JERC/2019-09/NEON.D03.JERC.DP1.10072.001.mam_pertrapnight.2019-09.basic.20221128T181705Z.csv",
              "fileSizeBytes": 446115,
              "checksum": "93eac940b8092ef8ab689529c0703d1d",
              "checksumAlgorithm": "MD5"
            },
            {
              "fileName": "NEON.D03.JERC.DP0.10072.001.categoricalCodes.20221128T181705Z.csv",
              "downloadFileName": null,
              "uri": "https://data.neonscience.org/api/v0/releases/RELEASE-2023/data/DP1.10072.001/JERC/2019-09/NEON.D03.JERC.DP0.10072.001.categoricalCodes.20221128T181705Z.csv",
              "fileSizeBytes": 19656,
              "checksum": "42beb521f8a6be3e885cd508ec874516",
              "checksumAlgorithm": "MD5"
            },
            {
              "fileName": "NEON.D03.JERC.DP1.10072.001.EML.20190904-20190906.20230127T120753Z.xml",
              "downloadFileName": null,
              "uri": "https://data.neonscience.org/api/v0/releases/RELEASE-2023/data/DP1.10072.001/JERC/2019-09/NEON.D03.JERC.DP1.10072.001.EML.20190904-20190906.20230127T120753Z.xml",
              "fileSizeBytes": 239346,
              "checksum": "ca2310413c86d0caac9417ecb75247d4",
              "checksumAlgorithm": "MD5"
            },
            {
              "fileName": "NEON.D03.JERC.DP1.10072.001.mam_perplotnight.2019-09.basic.20221128T181705Z.csv",
              "downloadFileName": null,
              "uri": "https://data.neonscience.org/api/v0/releases/RELEASE-2023/data/DP1.10072.001/JERC/2019-09/NEON.D03.JERC.DP1.10072.001.mam_perplotnight.2019-09.basic.20221128T181705Z.csv",
              "fileSizeBytes": 2441,
              "checksum": "9deb0c0204bd0dfe50c8aa397b3970fb",
              "checksumAlgorithm": "MD5"
            },
            {
              "fileName": "NEON.D03.JERC.DP0.10072.001.validation.20221128T181705Z.csv",
              "downloadFileName": null,
              "uri": "https://data.neonscience.org/api/v0/releases/RELEASE-2023/data/DP1.10072.001/JERC/2019-09/NEON.D03.JERC.DP0.10072.001.validation.20221128T181705Z.csv",
              "fileSizeBytes": 22099,
              "checksum": "600ddcfc65748551184d8b700e7048ac",
              "checksumAlgorithm": "MD5"
            },
            {
              "fileName": "NEON.D03.JERC.DP1.10072.001.readme.20230127T120753Z.txt",
              "downloadFileName": null,
              "uri": "https://data.neonscience.org/api/v0/releases/RELEASE-2023/data/DP1.10072.001/JERC/2019-09/NEON.D03.JERC.DP1.10072.001.readme.20230127T120753Z.txt",
              "fileSizeBytes": 15600,
              "checksum": "6229ec653305118fa17c3fda5a4d389c",
              "checksumAlgorithm": "MD5"
            },
            {
              "fileName": "NEON.D03.JERC.DP1.10072.001.variables.20221128T181705Z.csv",
              "downloadFileName": null,
              "uri": "https://data.neonscience.org/api/v0/releases/RELEASE-2023/data/DP1.10072.001/JERC/2019-09/NEON.D03.JERC.DP1.10072.001.variables.20221128T181705Z.csv",
              "fileSizeBytes": 17412,
              "checksum": "993a1c58d58dbfc62c2983318b7aa382",
              "checksumAlgorithm": "MD5"
            }
          ]
        }
      ]
    }
  ]
}