{
  "uuid": "9197521c-2146-4644-83e3-6d189b6c705f",
  "timestamp": "2023-01-30T20:01:40Z",
  "zipFileName": "NEON_count-microbe-surfacewater",
  "mimeType": "application/zip",
  "productCode": "DP1.20138.001",
  "productName": "Surface water microbe cell count",
  "siteCodes": [
    "BLUE"
  ],
  "startDate": "2020-08-01T00:00:00Z",
  "endDate": "2020-09-30T23:59:59Z",
  "packageType": "basic",
  "documents": [
    {
      "fileName": "NEON_cellCount_userGuide_vC.pdf",
      "downloadFileName": null,
      "type": "application/pdf",
      "fileSizeBytes": 637687,
      "description": "NEON User Guide for Surface Water Microbe Cell Count (NEON.DP1.20138)",
      "uri": "https://data.neonscience.org/api/v0/documents/NEON_cellCount_userGuide_vC"
    },
    {
      "fileName": "BATTELLE_epifluorProtocol_V6.pdf",
      "downloadFileName": null,
      "type": "application/pdf",
      "fileSizeBytes": 327671,
      "description": "NEON Microbial\nProductivity from Aquatic\nSamples",
      "uri": "https://data.neonscience.org/api/v0/documents/BATTELLE_epifluorProtocol_V6"
    },
    {
      "fileName": "NEON.DOC.001152vB.pdf",
      "downloadFileName": null,
      "type": "application/pdf",
      "fileSizeBytes": 954164,
      "description": "NEON Aquatic Sampling Strategy",
      "uri": "https://data.neonscience.org/api/v0/documents/NEON.DOC.001152vB"
    },
    {
      "fileName": "NEON.DOC.003044vE.pdf",
      "downloadFileName": null,
      "type": "application/pdf",
      "fileSizeBytes": 1683732,
      "description": "AOS Protocol and Procedure: AMC – Aquatic Microbial Sampling",
      "uri": "https://data.neonscience.org/api/v0/documents/NEON.DOC.003044vE"
    },
    {
      "fileName": "NEON.QSG.DP1.20138.001v1.pdf",
      "downloadFileName": null,
      "type": "application/pdf",
      "fileSizeBytes": 185618,
      "description": "Quick Start Guide for Surface water microbe cell count (DP1.20138.001)",
      "uri": "https://data.neonscience.org/api/v0/documents/quick-start-guides/NEON.QSG.DP1.20138.001v1.pdf"
    }
  ],
  "releases": [
    {
      "release": "RELEASE-2023",
      "generationDate": "2023-01-27T12:07:53Z",
      "packages": [
        {
          "release": "RELEASE-2023",
          "productCode": "DP1.20138.001",
          "domainCode": "D11",
          "siteCode": "BLUE",
          "month": "2020-08",
          "packageType": "basic",
          "generationDate": "2023-01-27T12:07:53Z",
          "files": [
            {
              "fileName": "NEON.D11.BLUE.DP0.20138.001.validation.20221128T214601Z.csv",
              "downloadFileName": null,
              "uri": "https://data.neonscience.org/api/v0/releases/RELEASE-2023/data/DP1.20138.001/BLUE/2020-08/NEON.D11.BLUE.DP0.20138.001.validation.20221128T214601Z.csv",
              "fileSizeBytes": 31255,
              "checksum": "964d30e64fb6f9bd0745342ca39f931f",
              "checksumAlgorithm": "MD5"
            },
            {
              "fileName": "NEON.D11.BLUE.DP1.20138.001.variables.20221128T214601Z.csv",
              "downloadFileName": null,
              "uri": "https://data.neonscience.org/api/v0/releases/RELEASE-2023/data/DP1.20138.001/BLUE/2020-08/NEON.D11.BLUE.DP1.20138.001.variables.20221128T214601Z.csv",
              "fileSizeBytes": 13116,
              "checksum": "e67f1108311f536b4f05eaaf5d9144ab",
              "checksumAlgorithm": "MD5"
            },
            {
              "fileName": "NEON.D11.BLUE.DP1.20138.001.readme.20230127T120753Z.txt",
              "downloadFileName": null,
              "uri": "https://data.neonscience.org/api/v0/releases/RELEASE-2023/data/DP1.20138.001/BLUE/2020-08/NEON.D11.BLUE.DP1.20138.001.readme.20230127T120753Z.txt",
              "fileSizeBytes": 13390,
              "checksum": "4474809694a506b9c405143c4db4df0f",
              "checksumAlgorithm": "MD5"
            },
            {
              "fileName": "NEON.D11.BLUE.DP0.20138.001.categoricalCodes.20221128T214601Z.csv",
              "downloadFileName": null,
              "uri": "https://data.neonscience.org/api/v0/releases/RELEASE-2023/data/DP1.20138.001/BLUE/2020-08/NEON.D11.BLUE.DP0.20138.001.categoricalCodes.20221128T214601Z.csv",
              "fileSizeBytes": 9304,
              "checksum": "59e885fa388b0a9c2748fd918d7a3b7b",
              "checksumAlgorithm": "MD5"
            },
            {
              "fileName": "NEON.D11.BLUE.DP1.20138.001.EML.20200804-20200818.20230127T120753Z.xml",
              "downloadFileName": null,
              "uri": "https://data.neonscience.org/api/v0/releases/RELEASE-2023/data/DP1.20138.001/BLUE/2020-08/NEON.D11.BLUE.DP1.20138.001.EML.20200804-20200818.20230127T120753Z.xml",
              "fileSizeBytes": 133062,
              "checksum": "68fbe49ad91c1e042d14c25d4593840e",
              "checksumAlgorithm": "MD5"
            },
            {
              "fileName": "NEON.D11.BLUE.DP1.20138.001.amc_fieldSuperParent.2020-08.basic.20221128T214601Z.csv",
              "downloadFileName": null,
              "uri": "https://data.neonscience.org/api/v0/releases/RELEASE-2023/data/DP1.20138.001/BLUE/2020-08/NEON.D11.BLUE.DP1.20138.001.amc_fieldSuperParent.2020-08.basic.20221128T214601Z.csv",
              "fileSizeBytes": 1088,
              "checksum": "aaa7ea306fad7665301e979de50fd8e5",
              "checksumAlgorithm": "MD5"
            }
          ]
        },
        {
          "release": "RELEASE-2023",
          "productCode": "DP1.20138.001",
          "domainCode": "D11",
          "siteCode": "BLUE",
          "month": "2020-09",
          "packageType": "basic",
          "generationDate": "2023-01-27T12:07:53Z",
          "files": [
            {
              "fileName": "NEON.D11.BLUE.DP1.20138.001.amc_fieldSuperParent.2020-09.basic.20221128T220327Z.csv",
              "downloadFileName": null,
              "uri": "https://data.neonscience.org/api/v0/releases/RELEASE-2023/data/DP1.20138.001/BLUE/2020-09/NEON.D11.BLUE.DP1.20138.001.amc_fieldSuperParent.2020-09.basic.20221128T220327Z.csv",
              "fileSizeBytes": 832,
              "checksum": "9bea92364400a94a64f9b3276d308fe9",
              "checksumAlgorithm": "MD5"
            },
            {
              "fileName": "NEON.D11.BLUE.DP1.20138.001.variables.20221128T220327Z.csv",
              "downloadFileName": null,
              "uri": "https://data.neonscience.org/api/v0/releases/RELEASE-2023/data/DP1.20138.001/BLUE/2020-09/NEON.D11.BLUE.DP1.20138.001.variables.20221128T220327Z.csv",
              "fileSizeBytes": 13116,
              "checksum": "e67f1108311f536b4f05eaaf5d9144ab",
              "checksumAlgorithm": "MD5"
            },
            {
              "fileName": "NEON.D11.BLUE.DP1.20138.001.readme.20230127T120753Z.txt",
              "downloadFileName": null,
              "uri": "https://data.neonscience.org/api/v0/releases/RELEASE-2023/data/DP1.20138.001/BLUE/2020-09/NEON.D11.BLUE.DP1.20138.001.readme.20230127T120753Z.txt",
              "fileSizeBytes": 13390,
              "checksum": "47c4d1fbd6a6d94aa609d76d1fe8b4b0",
              "checksumAlgorithm": "MD5"
            },
            {
              "fileName": "NEON.D11.BLUE.DP0.20138.001.categoricalCodes.20221128T220327Z.csv",
              "downloadFileName": null,
              "uri": "https://data.neonscience.org/api/v0/releases/RELEASE-2023/data/DP1.20138.001/BLUE/2020-09/NEON.D11.BLUE.DP0.20138.001.categoricalCodes.20221128T220327Z.csv",
              "fileSizeBytes": 9304,
              "checksum": "59e885fa388b0a9c2748fd918d7a3b7b",
              "checksumAlgorithm": "MD5"
            },
            {
              "fileName": "NEON.D11.BLUE.DP1.20138.001.EML.20200908-20200908.20230127T120753Z.xml",
              "downloadFileName": null,
              "uri": "https://data.neonscience.org/api/v0/releases/RELEASE-2023/data/DP1.20138.001/BLUE/2020-09/NEON.D11.BLUE.DP1.20138.001.EML.20200908-20200908.20230127T120753Z.xml",
              "fileSizeBytes": 133062,
              "checksum": "d31d227152840819c4b243162ccd138a",
              "checksumAlgorithm": "MD5"
            },
            {
              "fileName": "NEON.D11.BLUE.DP0.20138.001.validation.20221128T220327Z.csv",
              "downloadFileName": null,
              "uri": "https://data.neonscience.org/api/v0/releases/RELEASE-2023/data/DP1.20138.001/BLUE/2020-09/NEON.D11.BLUE.DP0.20138.001.validation.20221128T220327Z.csv",
              "fileSizeBytes": 31255,
              "checksum": "964d30e64fb6f9bd0745342ca39f931f",
              "checksumAlgorithm": "MD5"
            }
          ]
        }
      ]
    }
  ]
}