uid,nightuid,eventID,namedLocation,domainID,siteID,plotID,collectDate,endDate,samplingImpractical,samplingProtocolVersion,remarks,dataQF
"f60a5724-d8e1-4bd2-865d-97c36c9e2a87","72c6c1a1-00df-43cc-9706-4720ed1aece8","JERC.2019.36","JERC_006.mammalGrid.mam","D03","JERC","JERC_006","2019-09-04","2019-09-04",,"NEON.DOC.000481vL",,
"f0940b13-65b1-4259-a2ab-fdfc9d60503c","ea970702-8637-4e54-95b3-2ab7c8b2254b","JERC.2019.36","JERC_005.mammalGrid.mam","D03","JERC","JERC_005","2019-09-04","2019-09-04",,"NEON.DOC.000481vL",,
"596f8a9d-611f-4a08-95c6-a47d859a7d61","1d33156d-ad4c-46fd-9aca-2792a8fbc3d6","JERC.2019.36","JERC_003.mammalGrid.mam","D03","JERC","JERC_003","2019-09-04","2019-09-04",,"NEON.DOC.000481vL",,
"cbcd9ce2-0209-449d-9e91-8520df2b9e98","6d9311f4-81e4-4a87-ad11-4613763fe65f","JERC.2019.36","JERC_009.mammalGrid.mam","D03","JERC","JERC_009","2019-09-04","2019-09-04",,"NEON.DOC.000481vL",,
"6a9a56d5-5d9e-4f19-9f3b-5304e337204d","60141043-ca92-4d54-ba64-28f968e80f09","JERC.2019.36","JERC_003.mammalGrid.mam","D03","JERC","JERC_003","2019-09-05","2019-09-05",,"NEON.DOC.000481vL",,
"bdb17793-2284-422b-a1cd-d78706ac12ce","012f739f-c22d-41af-a434-a73607faf3d8","JERC.2019.36","JERC_005.mammalGrid.mam","D03","JERC","JERC_005","2019-09-05","2019-09-05",,"NEON.DOC.000481vL",,
"5ed3e29c-7602-4f96-bb44-62e6038d8760","b44fbf44-2c84-451b-b076-ec6d0cfe74e4","JERC.2019.36","JERC_002.mammalGrid.mam","D03","JERC","JERC_002","2019-09-05","2019-09-05",,"NEON.DOC.000481vL",,
"a29a9d3c-523d-4f16-94c7-fb5caba0fce9","94b90277-d569-4535-80cd-ab66619cec86","JERC.2019.36","JERC_009.mammalGrid.mam","D03","JERC","JERC_009","2019-09-05","2019-09-05",,"NEON.DOC.000481vL",,
"68e2e267-991c-4b59-8f81-38b191318a9a","e0a33089-5afe-4690-8cb0-4ad013794e5b","JERC.2019.36","JERC_003.mammalGrid.mam","D03","JERC","JERC_003","2019-09-06","2019-09-06",,"NEON.DOC.000481vL",,
"8a655238-f25b-4f83-a124-45b5bcc97040","c445bccc-7d42-4a2a-a0de-469b868bda6d","JERC.2019.36","JERC_009.mammalGrid.mam","D03","JERC","JERC_009","2019-09-06","2019-09-06",,"NEON.DOC.000481vL",,
"e3a34752-14ae-4aed-b94f-152b095edc7a","fd621d29-7c38-4a7b-8cd2-798eef6af6e0","JERC.2019.36","JERC_019.mammalGrid.mam","D03","JERC","JERC_019","2019-09-06","2019-09-06",,"NEON.DOC.000481vL",,
"950b5e3b-fd89-4ac4-b5a4-17c5edbfeb7d","4247d87a-ff4c-419b-9916-2fce7495fdc8","JERC.2019.36","JERC_005.mammalGrid.mam","D03","JERC","JERC_005","2019-09-06","2019-09-06",,"NEON.DOC.000481vL",,
